arxiv_id,url
1111.3806,https://github.com/akisaarinen/smartdiet
1211.4907,http://github.com/luispedro/mahotas
1211.4907,https://github.com/luispedro/mahotas
1307.2075,https://github.com/s4fs/sematacc
1403.2805,http://github.com/jeroenooms/jsonlite
1403.4503,https://github.com/mast-group/tassal
1405.6817,https://github.com/dukeboard/kevoree-modeling-framework
1410.6651,https://github.com/SpoonLabs/astor
1410.6910,https://github.com/mariomulansky/PySpike
1410.7921,https://github.com/v-m/GDGNC
1412.0436,https://github.com/ltorgo/performanceEstimation
1501.01678,https://github.com/mleoking/leotask
1502.02004,https://github.com/Spirals-Team/casper
1506.05198,https://github.com/JLiangWaterloo/fmeasy
1506.08415,https://github.com/delas/plg
1509.00144,https://github.com/DIVERSIFY-project/sosie-results
1510.05024,https://github.com/materialsproject/MPContribs
1512.05558,https://github.com/mast-group/api-mining
1601.06945,https://github.com/ulyantsev/EFSM-tools
1603.04401,https://github.com/utwente-fmt/ProB-LTSmin-iFM16
1604.01450,https://github.com/aserg-ufmg/sbsi2016-data
1604.06766,https://github.com/aserg-ufmg/Truck-Factor
1607.00905,https://github.com/lfd/PaStA
1608.07617,http://doi.org/10.5281/zenodo.495498
1609.03614,https://github.com/ai-se/XTREE
1610.06371,https://github.com/wang-jingyi/Ziqian
1610.06371,https://github.com/wang-jingyi/Ziqian_evaluation
1610.09405,https://github.com/jingpu/Halide-HLS
1611.08307,https://github.com/uclmr/pycodesuggest
1611.09187,https://github.com/Spirals-Team/jPerturb-experiments
1612.03224,https://github.com/fastread/src
1701.08466,https://github.com/ahealy19/F-IDE-2016
1702.07424,https://doi.org/10.5281/zenodo.321921
1702.08725,https://github.com/jazzbob/bv
1702.08726,https://github.com/jazzbob/stb
1703.00132,https://github.com/WeiFoo/RevisitUnsupervised
1703.00133,https://github.com/WeiFoo/EasyOverHard
1703.00757,https://github.com/zenscr/PyPRSVT
1703.03897,https://github.com/swatlab/stack_overflow
1703.06337,https://doi.org/10.5281/zenodo.400614
1703.06337,http://doi.org/10.5281/zenodo.400614
1705.05627,https://github.com/merantix/picasso
1705.06629,https://doi.org/10.5281/zenodo.439400
1705.08169,https://gitlab.com/josefspillner/lambada
1705.11000,http://github.com/StatisKit/AutoWIG
1705.11000,https://github.com/StatisKit/AutoWIG
1706.00933,http://doi.org/10.5281/zenodo.3294508
1706.02777,https://github.com/github/open-source-survey
1706.02777,https://github.com/staeiou/github-survey-analysis
1706.06291,https://github.com/gasevi/pyreclab
1706.08605,https://github.com/dselsam/certigrad
1706.09120,https://github.com/Ultimanecat/DefectRepairing
1708.03178,https://github.com/FAU-Inf2/ARES
1708.03786,https://github.com/ryosuzuki/trace-diff
1708.07230,https://github.com/shaunazzopardi/clarva
1709.02280,https://github.com/pooyanjamshidi/ase17
1709.05291,https://github.com/serperu/secer
1709.05763,https://github.com/sefield/BugReportClassificationWithNgramIDFDataset
1709.10078,https://github.com/sch8906/intAbs
1710.03439,http://github.com/zhuyuqing/bestconf
1710.07980,https://github.com/xdevroey/jhipster-dataset
1710.09722,https://github.com/Spirals-Team/runtime-repair-experiments
1711.01758,https://github.com/indigo-dc/udocker
1712.03854,https://github.com/SpoonLabs/astor
1801.06393,https://github.com/program-repair/defects4j-dissection
1802.01714,https://github.com/hub-se/jpf-shadow
1802.02938,https://doi.org/10.5281/zenodo.1148069
1802.03365,https://github.com/SpoonLabs/astor
1802.06997,https://github.com/gprana/READMEClassifier
1802.08979,https://github.com/TellinaTool/nl2bash
1802.09007,https://github.com/katealtmanova/nfoldexperiment
1802.09239,https://github.com/TRDDC-TUM/wcet-benchmarks
1803.02300,https://github.com/collab-uniba/EMTk
1803.05353,https://github.com/yylonly/medshare
1803.06545,https://github.com/ai-se/Mozilla_Firefox_Vulnerability_Data
1803.07292,https://github.com/M3SOulu/NLoN
1803.08725,https://github.com/Spirals-Team/bikiniproxy
1804.00954,https://github.com/thomas-vogel/mRUBiS
1805.00089,https://github.com/TrustAI/DeepConcolic
1805.01965,https://github.com/zhongxingyu/Java-Annotation-Study
1805.02763,https://github.com/wangjunjieISCAS/ISTDuplicateDetection
1805.02769,https://github.com/regot-chalmers/treqs
1805.05026,https://github.com/Echtzeitsysteme/CorrectByConstructionTCFamilies-SoSyM17
1805.05246,https://github.com/KTH/royal-chaos
1806.01545,https://doi.org/10.5281/zenodo.1283203
1806.02134,https://github.com/yylonly/MedShare-MicroService
1806.05437,https://github.com/yylonly/ServeNet
1806.07449,https://github.com/sulir/runtimesamp
1806.07619,https://github.com/XLipcak/rev-rec
1807.00468,https://github.com/sakshiudeshi/Aequitas
1807.01772,https://doi.org/10.5281/zenodo.1304254
1807.01838,https://github.com/MShudrak/ida-metrics
1807.03197,https://github.com/dritter-hd/db-net-eip-patterns
1807.03200,https://github.com/KTH/CodRep-competition
1807.03777,https://github.com/ChunghaSung/EC-Diff
1807.04072,https://github.com/jcohen02/rse-models
1807.05092,https://github.com/TeamVault/IntRepair
1807.06087,https://doi.org/10.5281/zenodo.1299798
1807.06136,https://github.com/softvis-research/Getaviz
1807.08427,https://github.com/umangm/ziptrack
1807.08578,https://doi.org/10.5281/zenodo.1318187
1807.09679,https://github.com/sulir/runtimesearch
1807.11286,https://github.com/lascam-UFU/automatic-diff-dissection
1808.00025,https://github.com/UPHF/kotlinandroid
1808.00093,https://github.com/carlos-molina/contraval
1808.00093,https://github.com/carlos-molina/conch
1808.03517,https://github.com/orlenyslp/Caterpillar
1808.10639,https://github.com/M3SOulu/ESEM2018-Emoticons-Emotions-List
1809.00912,https://github.com/RRZE-HPC/OSACA
1809.02270,https://doi.org/10.5281/zenodo.1410669
1809.07353,https://github.com/I4Soft/DroidBugs
1810.10614,https://github.com/Spirals-Team/test4repair-experiments
1810.13337,https://github.com/Microsoft/msrc-dpu-learning-to-represent-edits
1811.01824,https://github.com/CoderPat/structured-neural-summarization
1811.03509,https://github.com/logpai/logparser
1811.03509,https://github.com/logpai/loghub
1811.04211,http://github.com/SpoonLabs/nopol
1811.06837,https://github.com/zysszy/GrammarCNN
1811.07005,https://github.com/isstac/diffuzz
1811.08520,https://github.com/serval-snt-uni-lu/RePack
1811.10945,https://github.com/tum-i22/rritbed
1811.12713,https://github.com/pgadient/AndroidLintSecurityChecks
1812.00078,https://github.com/rohanpadhye/jqf
1812.00409,https://github.com/Spirals-Team/npefix
1812.04852,https://github.com/susperius/icisc_rnnfuzz
1812.04894,https://github.com/LamotheMax/A3
1812.05033,https://github.com/Practical-Formal-Methods/adiff
1812.07170,https://github.com/hideakihata/NMTbasedCorrectivePatchGenerationDataset
1812.07867,http://doi.org/10.5281/zenodo.2243113
1812.08253,https://doi.org/10.5281/zenodo.1346047
1812.08815,https://doi.org/10.5281/zenodo.1487596
1812.09961,https://github.com/m-zakeri/iust_deep_fuzz
1812.11875,https://github.com/FoRTE-Research/UnTracer-AFL
1812.11875,https://github.com/FoRTE-Research/afl-fid
1812.11875,https://github.com/FoRTE-Research/FoRTE-FuzzBench
1901.01327,https://github.com/mileschen360/Higgs
1901.01621,https://github.com/Derek-Jones/SiP_dataset
1901.01808,https://github.com/kth/SequenceR
1901.02533,https://github.com/castor-software/journey-paper-replication
1901.02533,https://github.com/DIVERSIFY-project/sosiefier
1901.02819,https://doi.org/10.5281/zenodo.3341585
1901.06024,https://github.com/bears-bugs/saner2019-data
1901.06024,https://github.com/bears-bugs/bears-benchmark
1901.07910,https://github.com/ojrlopez27/nl-service-composition
1902.00549,https://doi.org/10.5281/zenodo.2541933
1902.00549,https://doi.org/10.5281/zenodo.2541913
1902.02467,https://github.com/yusufsn/DifferentDiffAlgorithms
1902.02703,https://github.com/d-and-c/d-and-c
1902.03147,https://github.com/lfd/PaStA
1902.08482,https://github.com/STAMP-project/dspot
1903.00884,https://github.com/yaxirhuxxain/Source-Code-Suggestion
1903.01742,https://github.com/wogscpar/SZZUnleashed
1903.01899,https://github.com/antoineBarbez/SMAD
1903.03676,https://github.com/miranska/restore
1903.05394,https://github.com/castor-software/oss-graph-metrics
1903.05734,https://github.com/mast-group/OpenVocabCodeNLM
1903.06089,https://doi.org/10.5281/zenodo.2574189
1903.06965,https://github.com/askaratas/Feather
1903.08409,https://github.com/SerVal-DTF/TBar
1903.09522,https://github.com/collab-uniba/emse_best-answer-prediction
1903.10180,https://doi.org/10.5281/zenodo.2587483
1904.00720,https://github.com/LittleYUYU/CoaCor
1904.01754,https://github.com/KTH/styler
1904.01754,https://github.com/KTH/checkstylerr
1904.04104,https://doi.org/10.5281/zenodo.2565435
1904.04706,https://github.com/dependable-ai/nn-dependability-kit
1904.06499,https://github.com/emsejournal/openscience
1904.06929,https://doi.org/10.5281/zenodo.2558730
1904.09416,https://github.com/tdurieux/travis-listener
1905.01719,https://github.com/sillywalk/defect-prediction
1905.05358,http://github.com/ai-se/SatSpaceExpo
1905.06944,https://github.com/trailofbits/echidna
1905.07019,https://github.com/ai-se/Data-for-automated-UI-testing-from-LexisNexis
1905.07831,https://github.com/ARiSE-Lab/DeepInspect
1905.08942,https://github.com/HDI-Project/MLBlocks
1905.08942,https://github.com/HDI-Project/BTB
1905.08942,https://github.com/HDI-Project/AutoBazaar
1905.09375,https://github.com/TQRG/BugSwarm
1905.11973,https://github.com/program-repair/RepairThemAll_experiment
1905.11973,https://github.com/program-repair/RepairThemAll
1905.13062,https://github.com/collab-uniba/personality
1905.13334,https://github.com/mast-group/mineSStuBs
1906.00621,https://github.com/dessertlab/fantastic_beasts
1906.00772,https://github.com/ojrlopez27/copernic
1906.01420,https://github.com/orlenyslp/Caterpillar
1906.02533,https://github.com/Lizenan1995/DNNOpAcc
1906.04357,https://doi.org/10.5281/zenodo.2556642
1906.05676,https://github.com/alibaba/Sionnx
1906.07535,https://github.com/gleisonbt/migrating-to-graphql
1906.07900,https://github.com/chenwangnida/Dataset
1906.08094,https://github.com/sh1doy/summarization_tf
1906.08142,https://github.com/thomas-vogel/sapienzdiv-ssbse19
1906.11072,http://doi.org/10.5281/zenodo.3257378
1906.11351,https://github.com/bfsc/qmethod
1907.00172,https://gitlab.com/jllang/adapro
1907.00863,https://github.com/jku-ssw/gcc-builtin-study
1907.02997,https://github.com/hussien89aa/MigrationMiner
1907.03407,https://github.com/NAIST-SE/Vulnerability-Fix-Lags-Release-Adoption-Propagation
1907.03890,https://github.com/trailofbits/manticore
1907.04262,https://github.com/SRI-CSL/solidity
1907.05620,https://github.com/SerVal-DTF/iFixR
1907.06274,https://github.com/ualberta-smr/conflict-prediction
1907.08337,https://github.com/PLaSSticity/Raptor
1907.08710,https://github.com/PinjiaHe/StructureInvariantTesting
1907.09003,https://github.com/UPHF/kotlin_features
1907.10121,https://github.com/scipy/scipy
1907.11073,https://github.com/bommarito-consulting/pypi-research-data
1907.12214,http://doi.org/10.5281/zenodo.3345339
1907.12383,https://github.com/soad003/TheOperationalCostOfEthereumAirdrops
1907.12415,https://github.com/nantiamak/sql4ml
1907.13039,https://github.com/KTH/royal-chaos
1908.00614,https://github.com/danaderp/SecureReqNet
1908.00827,https://github.com/clowee/The-Technical-Debt-Dataset
1908.00827,https://github.com/clowee/OpenSZZ
1908.01540,https://github.com/mull-project/mull
1908.03461,https://doi.org/10.5281/zenodo.3691675
1908.05940,https://doi.org/10.5281/zenodo.3405371
1908.06502,https://github.com/khesoem/Defects4J-Plus-M
1908.06676,https://doi.org/10.5281/zenodo.2653924
1908.06895,https://github.com/castor-software/decompilercmp
1908.08615,https://github.com/beyondacm/SmartEmbed
1908.09757,https://github.com/castor-software/core-83
1908.09876,https://github.com/jacsonrbinf/bulner
1908.09878,https://github.com/crytic/slither
1908.10754,https://github.com/schibsted/jslt
1909.00427,https://github.com/mwshinn/paranoidscientist
1909.00769,https://github.com/umairzahmed/tegcer
1909.01837,https://github.com/dattasiddhartha/DeepObfusCode
1909.03249,https://github.com/clowee/MicroserviceDataset
1909.04368,https://github.com/AGAPIA/BTreeGeneticFramework
1909.04503,https://github.com/arducode-aes/arducode
1909.06251,https://github.com/v2-project/v2
1909.06987,https://github.com/Tbabm/PRSummarizer
1909.07249,https://github.com/fastread/SLR_on_TCP
1909.08604,https://github.com/ucuapps/modelicagym
1909.09029,https://doi.org/10.5281/zenodo.3403077
1909.09436,https://github.com/github/CodeSearchNet
1909.09543,https://github.com/processquerying/PQL
1909.10309,https://github.com/hiroto-takatoshi/XLM
1909.10309,https://github.com/hiroto-takatoshi/ProgLMBug
1909.11436,https://doi.org/10.5281/zenodo.4302713
1909.12563,https://github.com/pieterhartel/Mutation-at-scale
1909.13058,https://github.com/singhalshubh/SAT_Parallelism
1909.13090,https://github.com/tatsuhirotsuchiya/SA4LA
1909.13694,https://github.com/KTH/drr
1910.00262,http://github.com/helges/tetraband
1910.00409,https://github.com/logpai/logzip
1910.00739,https://github.com/Open-UAV/openuav-turbovnc
1910.02216,https://github.com/rajasagashe/juice
1910.02513,http://doi.org/10.5281/zenodo.3457479
1910.02688,https://github.com/anonymous54351/TransRepair
1910.04436,https://github.com/definelicht/hlslib
1910.05493,https://github.com/yaxirhuxxain/TransferLearning
1910.05879,https://doi.org/10.5281/zenodo.3374019
1910.06247,https://github.com/Spirals-Team/repairnator
1910.06500,https://github.com/yaxirhuxxain/DeepVS
1910.07115,https://github.com/yuzhimanhua/HiGitClass
1910.07658,https://github.com/antoineBarbez/CAME
1910.10601,https://github.com/smartbugs/smartbugs
1910.10601,https://github.com/smartbugs/smartbugs-wild
1910.10601,https://github.com/smartbugs/smartbugs-results
1910.11015,https://github.com/dlfaults/taxonomy
1910.12643,https://github.com/dfava/grace
1911.00046,https://github.com/devuxd/ExplicitProgrammingStrategiesStudyMaterials
1911.02459,https://github.com/spring-epfl/zksk
1911.04195,https://doi.org/10.5281/zenodo.3517082
1911.07707,https://github.com/vrthra/f1
1911.09983,https://github.com/zysszy/TreeGen
1911.12254,https://github.com/consult-kcl/fhir-ehr-adapter
1912.00680,https://github.com/casperboone/dltpy
1912.03437,https://github.com/khairulislam/Predict-Code-Changes
1912.04780,https://github.com/erfanwakka/universalmutator
1912.06914,https://github.com/KTH/royal-chaos
1912.07758,https://github.com/mboehme/learn2fix
1912.08768,https://github.com/sharmalab/bindaas
1912.09322,https://github.com/sergioburdisso/pyss3
1912.10093,https://github.com/ai-se/defect_perceptions
1912.10632,https://github.com/nasa/vscode-pvs
2001.00059,https://github.com/google-research-datasets/eth_py150_open
2001.00195,https://github.com/pgadient/jandrolyzer
2001.00491,https://github.com/game-dev-database/postmortem-problems
2001.01424,https://doi.org/10.5281/zenodo.3590126
2001.03038,https://github.com/BlueLionLogram/Logram
2001.03256,https://github.com/SRI-CSL/solidity
2001.03338,http://github.com/refactoring-ai/predicting-refactoring-ml
2001.04961,https://doi.org/10.5281/zenodo.3605759
2001.06067,https://github.com/HCDLab/ArguLens
2001.06691,https://github.com/ckaestne/seai
2001.07125,https://github.com/beyondacm/SmartEmbed
2001.07283,http://github.com/ocornejo/fieldmonitoringfeasibility
2001.07295,https://github.com/ml4ai/automates
2001.07808,https://github.com/castor-software/depclean
2001.07935,https://github.com/codereef-ai/client
2001.10641,https://github.com/nuest/rockerverse-paper
2001.11507,https://github.com/ErwindeGelder/ScenarioDomainModel
2002.01840,http://doi.org/10.5281/zenodo.3634590
2002.01872,https://github.com/cbr-paper/CBR_Experimental
2002.02314,https://doi.org/10.5281/zenodo.3742818
2002.02314,https://doi.org/10.5281/zenodo.3740595
2002.02314,https://doi.org/10.5281/zenodo.3653920
2002.03039,https://github.com/DynamicCodeSearch/SLACC
2002.03064,https://github.com/jjhenkel/binnacle-icse2020
2002.03121,https://doi.org/10.5281/zenodo.4529142
2002.03552,https://github.com/ReMine-Lab/RRGen
2002.03927,https://doi.org/10.5281/zenodo.3742973
2002.03927,https://doi.org/10.5281/zenodo.3742962
2002.03927,https://doi.org/10.5281/zenodo.3742854
2002.03927,https://doi.org/10.5281/zenodo.3653888
2002.03927,https://doi.org/10.5281/zenodo.3653878
2002.03968,https://github.com/UPHF/eapr
2002.04694,https://github.com/eth-sri/robust-code
2002.05204,https://doi.org/10.5281/zenodo.4279693
2002.05204,https://doi.org/10.5281/zenodo.4274230
2002.07080,https://doi.org/10.5281/zenodo.3571209
2002.10183,https://github.com/JPETTomography/j-pet-framework
2002.11049,https://github.com/ai-se/Jitterbug
2003.00380,https://github.com/chenjshnn/LabelDroid
2003.03172,https://github.com/ssc-oscar/BIMAN_bot_detection
2003.03201,https://github.com/bhargavbh/PlumbDROID
2003.05336,https://github.com/tsantalis/RefactoringMiner
2003.05336,https://github.com/kusumotolab/FinerGit
2003.05620,https://github.com/CC2Vec/CC2Vec
2003.07905,https://github.com/nulog/nulog
2003.07914,https://github.com/mast-group/OpenVocabCodeNLM
2003.07914,https://github.com/giganticode/codeprep
2003.07970,https://doi.org/10.5281/zenodo.3699105
2003.07970,https://doi.org/10.5281/zenodo.3699031
2003.09890,https://github.com/devgeniem/personaldataflow
2003.10354,https://github.com/joymallyac/Fairway
2003.10707,https://github.com/d-o-m-i-n-i-k/re-identification-risk
2003.11772,https://github.com/tdurieux/Travis-Listener
2003.12730,https://github.com/UPHF/migA
2003.13848,https://github.com/facebookresearch/code-prediction-transformer
2003.14086,https://github.com/salab/ChangeBeadsThreader
2003.14257,https://doi.org/10.5281/zenodo.4085009
2004.01321,https://github.com/ansonmiu0214/scribble-noughts-and-crosses
2004.01781,https://github.com/reissnda/AutomataConformance
2004.02942,https://github.com/basedrhys/obfuscated-code2vec
2004.04881,http://github.com/Attn-to-FC/Attn-to-FC
2004.05705,https://doi.org/10.5281/zenodo.3606899
2004.07663,https://github.com/Brittany-Reid/nlp2testablecode
2004.07761,https://github.com/EngineeringSoftware/roosterize
2004.08193,https://doi.org/10.5281/zenodo.3754159
2004.08378,https://doi.org/10.5281/zenodo.4458586
2004.08425,https://github.com/henrikingo/dsi
2004.12169,https://github.com/panthap2/LearningToUpdateNLComments
2004.14191,https://doi.org/10.5281/zenodo.3876047
2004.14897,https://github.com/devgeniem/personaldataflow
2005.00323,https://github.com/dcdelia/sniper
2005.00653,https://github.com/wasiahmad/NeuralCodeSum
2005.02373,https://github.com/bThink-BGU/BPjs-Context
2005.04137,https://github.com/yangyixiaof/CodeCompletionModels
2005.06688,https://github.com/por-se/por-se
2005.08750,https://github.com/prmr/DScribe-Research
2005.09806,https://github.com/selabhvl/cpnmcdctesting
2005.09959,https://doi.org/10.5281/zenodo.3799603
2005.10157,https://github.com/beyondacm/Code2Que
2005.10176,https://doi.org/10.5281/zenodo.4457108
2005.10636,https://github.com/michiyasunaga/DrRepair
2005.11315,https://github.com/castor-software/decompilercmp
2005.11532,https://github.com/aaghamohammadi/PUMT
2005.12379,https://doi.org/10.5281/zenodo.3912064
2005.12392,https://doi.org/10.5281/zenodo.3903818
2005.12574,https://doi.org/10.5281/zenodo.3979446
2005.14015,https://github.com/purushottamkar/macer
2005.14124,https://github.com/yuqiChen94/Active_fuzzer
2006.00341,https://github.com/MalihehIzadi/SOPI_stackoverflow_answer_quality
2006.01287,https://github.com/smartyfh/CMF-CTF
2006.01351,https://github.com/samarthtambad/big-data-pl
2006.02371,https://github.com/lukasmoldon/GHStreaksThesis
2006.03879,https://github.com/emeryberger/scalene
2006.04098,https://doi.org/10.5281/zenodo.3872071
2006.04444,https://github.com/KTH/royal-chaos
2006.05060,https://doi.org/10.5281/zenodo.4553435
2006.05304,https://doi.org/10.5281/zenodo.3752888
2006.07161,https://github.com/ctuning/cbench
2006.08589,https://github.com/leipzig/metadata-in-rcr
2006.14553,https://doi.org/10.5281/zenodo.3722631
2007.00752,https://github.com/ananevans/icse2020
2007.01061,https://github.com/lucapiccolboni/crylogger
2007.01231,https://github.com/kahrabian/RT-X
2007.02599,https://github.com/JetBrains-Research/sosed
2007.02893,https://github.com/joymallyac/Fair-Knn
2007.03305,https://github.com/nli2code/jss-artifact
2007.03522,https://github.com/autonomy-and-verification/varanus
2007.04816,https://doi.org/10.5281/zenodo.3858046
2007.04973,https://github.com/parasj/contracode
2007.06934,https://github.com/Flitternie/CoreGen
2007.06986,https://github.com/khaes-kth/GithubRepairPatterns
2007.10146,https://github.com/fxpl/notebooks
2007.10419,https://github.com/beatngu13/visual-testing
2007.10794,https://github.com/HESL-polymtl/benchmark
2007.12069,https://github.com/wq2012/SpeakerVerSim
2007.13592,https://doi.org/10.5281/zenodo.3957866
2007.14049,https://github.com/se2p/pynguin
2007.14049,https://github.com/se2p/artifact-pynguin-ssbse2020
2007.14903,https://github.com/gongbell/EOSFuzzer
2007.14946,https://github.com/MacOS/blockchain-oracles-data-collection
2007.15510,https://github.com/gongbell/wana
2007.16123,https://doi.org/10.5281/zenodo.3908332
2008.00277,http://doi.org/10.5281/zenodo.5091822
2008.00914,https://github.com/SerVal-DTF/APR-Efficiency
2008.01046,https://doi.org/10.5281/zenodo.4737346
2008.01150,https://doi.org/10.5281/zenodo.3961374
2008.01566,https://github.com/mdrafiqulrabin/tnpa-generalizability
2008.03731,https://github.com/mweyssow/cse-saner
2008.04093,https://github.com/beyondacm/SmartEmbed
2008.04176,https://github.com/lhmtriet/SV_Empirical_Study
2008.04568,https://github.com/NAIST-SE/steady
2008.05132,https://github.com/chenjshnn/Object-Detection-for-Graphical-User-Interface
2008.05938,https://github.com/francescosecci/Python_Image_Failures
2008.06448,https://github.com/logpai/loghub
2008.06537,https://github.com/dyninst/fuzz
2008.06798,https://github.com/skylineprof/skyline
2008.07947,https://github.com/henry2cox/lcov
2008.08252,https://github.com/a2i2/threshy
2008.09253,https://github.com/fmidue/IOTasks
2008.10707,https://github.com/ARiSE-Lab/Patch-as-translation
2008.11110,https://doi.org/10.5281/zenodo.3822191
2008.12193,https://github.com/nokia/codesearch
2008.12751,https://github.com/fmidue/IOTasks
2008.13064,https://github.com/mdrafiqulrabin/handcrafted-embeddings
2009.00304,https://github.com/cau-se/theodolite
2009.01209,http://doi.org/10.5281/zenodo.4568517
2009.01417,https://github.com/20200501/OwlEye
2009.01542,https://doi.org/10.5281/zenodo.3344974
2009.01959,https://github.com/mrezende/concra
2009.03115,https://github.com/githru/githru
2009.03612,https://github.com/awsm-research/line-level-defect-prediction
2009.04115,https://github.com/se2p/whisker-main
2009.05617,https://github.com/microsoft/methods2test
2009.05632,https://doi.org/10.5281/zenodo.4023299
2009.06592,https://github.com/95616ARG/sifter
2009.07237,https://github.com/logpai/awesome-log-analysis
2009.08366,https://github.com/microsoft/CodeBERT
2009.09019,http://doi.org/10.5281/zenodo.3837397
2009.09130,https://github.com/yusufsn/EclipseForumData
2009.09777,https://github.com/bdqnghi/treecaps
2009.10051,https://github.com/ptrsen/SMTEmVerif
2009.12156,https://doi.org/10.5281/zenodo.5823364
2010.00943,https://github.com/mbafrani/PMSD
2010.01625,https://github.com/panthap2/deep-jit-inconsistency-detection
2010.02472,https://github.com/YuanruiZJU/academic-ai-repos
2010.02542,https://github.com/sakshiudeshi/Astraea
2010.03303,https://github.com/mehdigolzadeh/BoDeGHa
2010.03525,https://github.com/acmsigsoft/EmpiricalStandards
2010.04476,https://doi.org/10.5281/zenodo.3972736
2010.04476,https://doi.org/10.5281/zenodo.3872848
2010.05178,https://github.com/ehsanzabardast/code_tdi_survivability
2010.05807,https://github.com/NAIST-SE/PATSQL
2010.07987,https://github.com/bayesgroup/code_transformers
2010.09145,https://github.com/rosin-project/metacontrol_sim
2010.10805,https://github.com/chijianlei/SeqTrans
2010.11242,https://github.com/stg-tud/unsafe_go_study_results
2010.12663,https://github.com/bayesgroup/code_transformers
2010.12693,https://github.com/nadiinchi/dynamic_embeddings
2010.12908,https://github.com/kleincup/DGMS
2010.14573,https://doi.org/10.5281/zenodo.4701497
2010.15162,https://github.com/Sizeless/ReplicationPackage
2010.15444,https://github.com/score-p/scorep_binding_python
2011.01149,https://doi.org/10.5281/zenodo.4005773
2011.01834,https://github.com/moji1/tp_rl
2011.04654,https://github.com/felicitia/HiPHarness
2011.05382,https://github.com/HadiJahanshahi/WaybackMachine
2011.08373,https://github.com/cs17resch01003/gpurepair
2011.10268,https://github.com/martinezmatias/diff-auto-tuning
2011.10268,https://github.com/martinezmatias/dat-experimental-results
2011.10749,https://github.com/SoftSec-KAIST/tiknib
2011.10749,https://github.com/SoftSec-KAIST/binkit
2011.13071,https://doi.org/10.5281/zenodo.4459561
2012.01119,https://github.com/Elkoumy/amun
2012.01198,https://github.com/castor-software/pankti
2012.02471,https://doi.org/10.5281/zenodo.5734090
2012.05085,https://github.com/JetBrains-Research/task-tracker-server
2012.05471,https://github.com/tianocore/edk2
2012.06264,https://github.com/repairnator/open-science-repairnator
2012.06658,https://github.com/pietroborrello/raindrop
2012.06824,https://github.com/repairnator/open-science-repairnator
2012.06981,https://github.com/nbsafety-project/nbsafety
2012.07259,https://github.com/soarsmu/AndroEvolve
2012.07816,https://github.com/ballet/ballet
2012.08178,https://github.com/maisieb01/Cognitive_SLR
2012.08961,https://github.com/reactive-systems/Lola2RustArtifact
2012.09916,https://github.com/Trustworthy-Software/RAICC
2012.10154,https://github.com/jlousada315/NNE-TCP
2012.10951,https://github.com/MalihehIzadi/IssueReportsManagement
2012.13638,https://github.com/marcofavorito/tl-grammars
2101.00982,https://github.com/testingautomated-usi/uncertainty-wizard
2101.01139,https://github.com/sarahaguasvivas/nlsoft
2101.02494,https://github.com/thouyang/ccd-dsa
2101.02518,https://github.com/anonyauthors/code_review
2101.02636,https://github.com/H2SO4T/ARES
2101.04363,https://doi.org/10.5281/zenodo.4104390
2101.04401,https://github.com/Jinxhy/AppAIsecurity
2101.05102,https://github.com/profuzzbench/profuzzbench
2101.05673,https://github.com/prog-autom/hidden-demo
2101.05877,https://doi.org/10.5281/zenodo.4456041
2101.08729,http://doi.org/10.5281/zenodo.4092623
2101.09077,https://doi.org/10.5281/zenodo.4450434
2101.09563,https://doi.org/10.5281/zenodo.4478981
2101.10766,https://github.com/fischJan/CiRA
2101.12087,https://github.com/neulab/incremental_tree_edit
2102.00902,https://github.com/testingautomated-usi/uncertainty-wizard
2102.02527,https://github.com/andreafioraldi/FuzzSplore
2102.03300,https://github.com/grosa1/icse2021-szz-replication-package
2102.04285,https://github.com/UofT-EcoSystem/rlscope
2102.04573,http://doi.org/10.5281/zenodo.5120642
2102.04664,https://github.com/microsoft/CodeXGLUE
2102.05709,https://github.com/pwnslinger/sn4ke
2102.05913,https://github.com/SmallkeyChen/RobOT
2102.05949,https://github.com/AIG-ist-tugraz/DirectDebug
2102.06320,https://github.com/WulffHunter/log_generator
2102.06377,https://github.com/VET-UI-Testing/main
2102.07052,https://github.com/xlab-uiuc/open-cevo
2102.07446,https://github.com/se2p/scratch-anomalies
2102.07995,https://github.com/ibm/D2A
2102.08179,https://doi.org/10.5281/zenodo.4519256
2102.08774,https://github.com/mbafrani/AutomaticProcessSimulation
2102.10222,https://doi.org/10.5281/zenodo.4546005
2102.10963,http://doi.org/10.5281/zenodo.4005112
2102.12376,https://github.com/CelloCorgi/ICSE_fNIRS2021
2102.12429,https://doi.org/10.5281/zenodo.4560410
2103.00073,https://github.com/lin-tan/CURE
2103.00587,https://github.com/vitsalis/pycg
2103.01025,https://github.com/shrivastava-piyush/nlp-code-summarization
2103.01145,https://github.com/woc-hack/track_hack
2103.01861,https://github.com/evidencebp/general
2103.01861,https://github.com/evidencebp/follow-your-nose
2103.01861,https://github.com/evidencebp/analysis_utils
2103.02372,https://doi.org/10.5281/zenodo.3973048
2103.02591,https://github.com/STAR-RG/shipwright
2103.02901,https://github.com/valerio-terragni/gassert
2103.02959,https://github.com/SMAT-Lab/SnifferDog
2103.03376,https://github.com/Wardat-ISU/DeepLocalize
2103.03956,https://github.com/BYU-SE/quartermaster
2103.04388,https://github.com/vasumv/bonsai-fuzzing
2103.04682,https://doi.org/10.5281/zenodo.4476391
2103.05088,https://github.com/OWASP/ASVS
2103.05292,https://github.com/yueyueL/DL-based-Android-Malware-Defenses-review
2103.05666,https://github.com/gotec/gambit
2103.05769,https://github.com/gabrielcsf/malicious-updates-icse2021
2103.05939,https://github.com/testingautomated-usi/surprise-adequacy
2103.05939,https://github.com/coinse/sadl
2103.06042,https://doi.org/10.5281/zenodo.4580998
2103.07085,https://github.com/chenjshnn/WAE
2103.07115,https://github.com/RoBERTaCode/roberta
2103.07164,https://github.com/yz1019117968/ICPC-21-MMTrans
2103.07241,https://github.com/SOLAR-group/sentinel
2103.07845,https://github.com/XMUDM/BASTS
2103.08701,https://doi.org/10.5281/zenodo.4603985
2103.09066,http://doi.org/10.5281/zenodo.4446468
2103.09537,https://doi.org/10.5281/zenodo.4270178
2103.09620,https://doi.org/10.5281/zenodo.4428340
2103.10317,https://doi.org/10.5281/zenodo.4616485
2103.10526,https://github.com/akhvorov/S3M
2103.10749,https://github.com/bearlu1996/ProcessDrifts
2103.11316,https://github.com/lhmtriet/MSR2019
2103.11392,https://doi.org/10.5281/zenodo.4481564
2103.11453,https://github.com/rodrigo-brito/refactoring-aware-diff
2103.11481,https://doi.org/10.5281/zenodo.4622749
2103.11518,https://doi.org/10.5281/zenodo.4625207
2103.11563,https://github.com/salab/RefactorHub
2103.11599,https://github.com/aakashba/projcon
2103.11626,https://github.com/EhsanMashhadi/MSR2021-ProgramRepair
2103.11779,https://github.com/mehdigolzadeh/BoDeGiC
2103.11882,https://github.com/ALFA-group/adversarial-code-generation
2103.12033,https://github.com/SpoonLabs/sorald
2103.12298,https://doi.org/10.5281/zenodo.4434943
2103.12670,https://github.com/bhpachulski/ICPC-RENE-Paper
2103.12778,https://github.com/JetBrains-Research/psiminer
2103.12793,https://github.com/atrisovic/dataverse-r-study
2103.12874,https://github.com/gbrltv/process_meta_learning
2103.13375,https://github.com/sap/project-kb
2103.13375,https://github.com/SAP/project-kb
2103.13762,https://github.com/S2-group/msr-2021-robotics-green-practices-replication-package
2103.14948,https://github.com/lesunb/bsn
2103.15202,https://doi.org/10.5281/zenodo.4638251
2103.15361,https://github.com/RuYunW/ADG-Seq2Seq
2103.16846,https://github.com/RGAI-USZ/JS-patch-exploration-APR2021
2104.00048,https://github.com/skiffos/skiffos
2104.01002,https://github.com/dakuo/HAConvGNN
2104.01642,https://github.com/martin-wey/metamodel-concepts-bert
2104.02386,https://github.com/software-bugs/change-clone
2104.02443,https://github.com/agemagician/CodeTrans
2104.07460,https://github.com/NWU-NISL-Fuzzing/COMFORT
2104.07736,https://doi.org/10.5281/zenodo.3698983
2104.08308,https://github.com/SteveKommrusch/VRepair
2104.10360,https://github.com/anonytomatous/Hybiscus
2104.11812,https://github.com/emmableu/SnapCheck
2104.12001,https://github.com/HadiJahanshahi/Bug-Number-Prediction
2104.12064,https://github.com/Artisan-Lab/RULF
2104.12744,https://github.com/HadiJahanshahi/DABT
2104.13435,https://doi.org/10.5281/zenodo.4079994
2104.13729,https://github.com/SangeethNila/casestudy_ISO26262_extension_connected_driving
2104.14640,https://doi.org/10.5281/zenodo.4726288
2104.15090,https://doi.org/10.5281/zenodo.4734053
2105.01984,https://github.com/ckaestne/seaibib
2105.02703,https://doi.org/10.5281/zenodo.4726651
2105.03131,https://github.com/ArcelikHMI/Code2Image
2105.04297,https://github.com/pdlan/OSCAR
2105.04547,https://github.com/ycd2016/acaioc2
2105.05519,https://github.com/se2p/catnip
2105.05589,https://github.com/iv4xr-project/jocc
2105.05962,https://github.com/blockhousetech/guardian
2105.08887,https://github.com/disensoftware/disentanglement-for-software
2105.09938,https://github.com/hendrycks/apps
2105.11082,https://github.com/snaraya7/early-bird
2105.12195,https://github.com/joymallyac/Fair-SMOTE
2105.12655,https://github.com/IBM/Project_CodeNet
2105.12787,https://github.com/microsoft/neurips21-self-supervised-bug-detection-and-repair
2105.12841,https://github.com/dlshriver/DNNV
2105.13239,https://github.com/Jun-jie-Huang/CoCLR
2105.14881,https://github.com/soarsmu/CrossASRplus
2106.01987,https://github.com/SNTSVV/PRINS
2106.02209,https://github.com/sharmapn/influenceOfRoles
2106.03271,https://github.com/TQRG/maintainable-security
2106.03353,https://github.com/UH-SERG/SIVAND
2106.05784,https://github.com/microsoft/PythonProgrammingPuzzles
2106.06001,https://github.com/PrivacyEngineering/tira
2106.06086,https://doi.org/10.5281/zenodo.4678739
2106.06600,https://github.com/michiyasunaga/bifi
2106.07175,https://github.com/shrivastavadisha/N-PEPS
2106.07413,https://github.com/soarsmu/IncBL
2106.07520,https://github.com/JUnitContest/JUGE
2106.08644,https://github.com/mristin/rasaeco
2106.08704,https://github.com/UH-SERG/CI-Memorization
2106.09440,https://github.com/Troublor/darcher
2106.10524,https://github.com/mostafamahdieh/ClusteringFaultPronenessTCP
2106.10563,https://github.com/Smfakhoury/gazel
2106.10918,https://github.com/NobleMathews/mocktail-blue-lagoon
2106.11610,https://github.com/HALOCORE/SynGuar
2106.12631,https://doi.org/10.5281/zenodo.5087381
2106.15182,https://github.com/dessertlab/Failure-Dataset-OpenStack
2107.00101,https://github.com/Jungyhuk/latent-execution
2107.00723,https://github.com/seahorn/verify-c-common
2107.00992,https://github.com/jianguda/mrncs
2107.01093,https://doi.org/10.5281/zenodo.4579853
2107.02689,https://github.com/arminmoin/ML-Quadrat
2107.02692,https://github.com/arminmoin/ML-Quadrat
2107.02782,https://github.com/hrishikeshrt/sangrahaka
2107.03644,https://github.com/NTDXYG/ComFormer
2107.03876,https://github.com/lgbanuelos/bsgen
2107.04521,https://github.com/poojaruhal/RP-class-comment-classification
2107.04720,https://github.com/SEERS-UTD/empirical-study-constraints
2107.05396,https://doi.org/10.5281/zenodo.5083417
2107.05413,https://doi.org/10.5281/zenodo.5084640
2107.05908,https://github.com/logpai/deep-loglizer
2107.06260,https://github.com/ucla-mobility/OpenCDA
2107.07065,https://github.com/Secure-Platforms-Lab-W-M/MASC-Artifact
2107.07112,https://github.com/DeepSoftwareAnalytics/CodeSumEvaluation
2107.08364,https://github.com/lhmtriet/awesome-vulnerability-assessment
2107.08760,https://github.com/secureIT-project/CVEfixes
2107.09512,https://doi.org/10.5281/zenodo.5103675
2107.10168,https://github.com/centrality-checker/chrome-extension
2107.11912,https://github.com/ManuelCostanzo/Gravitational_N_Bodies_Rust
2107.12045,https://github.com/FlowSs/How-to-Certify-Machine-Learning-BasedSafety-critical-Systems-A-Systematic-Literature-Review
2107.12317,https://github.com/Zeberhart/dm4api
2107.13404,https://github.com/unibw-patch/xfl
2107.13614,https://github.com/Hadhemii/ClonesInDLCode
2108.01610,https://github.com/Tovy97/Towards-Substructural-Property-Based-Testing
2108.01955,https://github.com/vanhoanglepsa/NeuralLog
2108.02490,https://github.com/andrecostea/hippodrome
2108.03978,https://github.com/aebeljs/VeRLPy
2108.04105,https://github.com/mlatcl/fbp-vs-soa
2108.04455,https://github.com/coinse/Defects4J-multifault
2108.04631,https://github.com/monperrus/megadiff
2108.05341,https://github.com/masud-technope/EMSE-2019-Replication-Package
2108.05466,https://doi.org/10.5281/zenodo.5102597
2108.05846,https://github.com/beyondacm/TDClearner
2108.05890,https://doi.org/10.5281/zenodo.6856794
2108.06262,https://doi.org/10.5281/zenodo.5187873
2108.06289,https://github.com/se2p/LitterBox
2108.06705,https://doi.org/10.5281/zenodo.4935072
2108.07114,https://github.com/se2p/artifact-scam2021
2108.07648,https://doi.org/10.5281/zenodo.5044270
2108.08125,https://github.com/Jacarte/MEWE
2108.09529,https://github.com/miranska/se-tti
2108.09619,https://github.com/EngineeringSoftware/time-segmented-evaluation
2108.09946,https://doi.org/10.5281/zenodo.5105117
2108.10763,https://github.com/evidencebp/comsum
2108.10799,https://github.com/transaction-reverting-statements/Characterizing-require-statement-in-Ethereum-Smart-Contract
2108.10994,https://doi.org/10.5281/zenodo.5106106
2108.11202,https://github.com/JetBrains-Research/RefactorInsight
2108.11590,https://github.com/wasiahmad/AVATAR
2108.11601,https://github.com/rizwan09/REDCODER
2108.11781,https://github.com/bhpachulski/SAST21-Paper
2108.12144,https://github.com/LIANGQINGYUAN/Lyra
2108.12179,https://github.com/OpsPAI/grlia
2108.13064,https://doi.org/10.5281/zenodo.5908381
2109.00084,https://doi.org/10.5281/zenodo.6366908
2109.00084,https://doi.org/10.5281/zenodo.6366877
2109.00279,https://github.com/dessertlab/EVIL
2109.00917,https://doi.org/10.5281/zenodo.5663903
2109.01109,https://github.com/stg-tud/licma
2109.01138,https://doi.org/10.5281/zenodo.5236305
2109.01192,https://github.com/Log-Severity-Level/multivocal-mapping-database
2109.02312,https://github.com/ltlfuzzer/LTL-Fuzzer
2109.04256,https://github.com/rnlaigner/dianalyzer
2109.05636,https://github.com/Cloudslab/iFogSim
2109.06045,https://doi.org/10.5281/zenodo.5524414
2109.06404,https://github.com/AIasd/FusED
2109.07055,https://github.com/jzySaber1996/ISPY
2109.08226,https://doi.org/10.5281/zenodo.5095643
2109.08365,https://github.com/jadecxliu/CodeQA
2109.08584,https://github.com/Toloka/crowd-kit
2109.09262,https://github.com/microsoft/toga
2109.09869,https://github.com/aminesi/robustness-on-device
2109.11277,https://github.com/uds-se/FormatFuzzer
2109.13073,https://github.com/zfj1998/SO_Title_Generation
2109.13104,https://github.com/ERATOMMSD/QUATIC2021-KNN-Averaging
2109.13168,https://github.com/Ahmadreza-SY/TCP-CI
2109.13546,https://doi.org/10.5281/zenodo.5031619
2110.01098,https://github.com/withoutboats/shifgrethor
2110.01336,https://github.com/AmadeusBugProject/artifact_detection
2110.01710,https://github.com/fla-sil/PyTorrent
2110.01927,https://github.com/ilwoof/LogDP
2110.04951,http://doi.org/10.5281/zenodo.4724941
2110.06253,https://github.com/stateafl/stateafl
2110.07291,https://github.com/michaeldorner/only-time-will-tell
2110.07443,https://github.com/AizazSharif/DeepOrder-ICSME21
2110.08512,https://github.com/fla-sil/PyTorrent
2110.11155,https://github.com/SEALABQualityGroup/replication_delag
2110.12489,https://github.com/sgholamian/comprehensive-software-logging-survey
2110.13601,https://github.com/jacopotagliabue/dag-card-is-the-new-model-card
2111.00221,https://github.com/KTH/royal-chaos
2111.01097,https://github.com/mdrafiqulrabin/Code2Snapshot
2111.02038,https://github.com/joymallyac/FairSSL
2111.02317,https://github.com/kabinja/suit-smells-replication-package
2111.02671,https://github.com/shangqing-liu/GraphSearchNet
2111.03782,https://github.com/bisc/coco-case-studies
2111.05003,https://github.com/se2p/pynguin
2111.05649,https://github.com/hanada31/ICC-Resolution-Evaluation
2111.05770,https://github.com/ispras/juliet-dynamic
2111.05781,https://github.com/ispras/rop-benchmark
2111.07101,https://github.com/mazloomzadeh/Reputation-Gaming
2111.10901,https://doi.org/10.5281/zenodo.5425868
2111.12513,https://github.com/SpoonLabs/flacoco
2111.14583,http://doi.org/10.5281/zenodo.3709219
2112.00858,https://github.com/se2p/artifact-iticse2020
2112.01218,https://github.com/graphcode2vec/graphcode2vec
2112.01771,https://doi.org/10.5281/zenodo.7060209
2112.01955,https://github.com/Yuanyuan-Yuan/NeuraL-Coverage
2112.02650,https://github.com/squaresLab/VarCLR
2112.02969,https://github.com/microsoft/JigsawDataset
2112.03395,https://github.com/giangnm58/Manas
2112.04128,https://github.com/sidongfeng/gifdroid
2112.06148,https://github.com/psg-mit/programming-with-neural-surrogates-of-programs
2112.06186,https://github.com/sola-st/Nalin
2112.06874,https://github.com/dessertlab/JSSOFTWARE_Android_rejuvenation
2112.07303,https://github.com/ideas-labo/mmo
2112.08267,https://github.com/castor-software/autographql
2112.09725,https://github.com/anonymous-ICSE2022/scenoRITA
2112.10328,https://github.com/schemathesis/web-api-fuzzing-project
2112.10370,https://github.com/ualberta-smr/RefactoringAwareMerging
2112.10893,https://github.com/ARiSE-Lab/VELVET
2112.10934,https://doi.org/10.5281/zenodo.5562418
2112.11131,https://github.com/euro-hpc-pl/omnisolver
2112.11131,https://github.com/euro-hpc-pl/omnisolver-pt
2112.11131,https://github.com/euro-hpc-pl/omnisolver-bruteforce
2112.11858,https://github.com/evidencebp/e2ese
2112.12331,https://doi.org/10.5281/zenodo.6994692
2112.12636,https://github.com/YintongHuo/SemParser
2112.12653,https://github.com/JohnnyPeng18/APIBench
2112.12834,https://doi.org/10.5281/zenodo.5055546
2112.12834,https://doi.org/10.5281/zenodo.4251099
2112.13207,https://github.com/AftabHussain/afl-test-viz
2112.13314,https://github.com/amin-nikanjam/SilentBugsInTensorFlowKeras
2112.13640,https://github.com/rashidzaman84/MemoryEfficientOCC
2112.14151,https://github.com/garghub/Cerebro
2112.14927,https://doi.org/10.5281/zenodo.5791337
2112.15230,https://github.com/tsantalis/RefactoringMiner
2112.15485,https://github.com/iasthc/hsuan-fuzz
2112.15544,https://github.com/TheEngineRoom-UniGe/OWLOOP
2201.00150,https://github.com/fewshotcdcs/CDCS
2201.00191,https://github.com/soarsmu/Revisiting_Neuron_Coverage
2201.01988,https://github.com/soarsmu/CodeNLM
2201.02089,https://github.com/FasterXML/smile-format-specification
2201.02677,https://github.com/HajraNaeem/Dataset
2201.02944,https://github.com/OpsPAI/ADSketch
2201.03010,https://github.com/Elkoumy/amun
2201.03051,https://github.com/FasterXML/smile-format-specification
2201.03061,https://doi.org/10.5281/zenodo.5679227
2201.04599,https://github.com/alinebrito/composite-refactoring-catalog
2201.05256,https://github.com/Sushentsev/DapStep
2201.05425,https://doi.org/10.5281/zenodo.5848794
2201.05647,https://doi.org/10.5281/zenodo.5760157
2201.05927,https://doi.org/10.5281/zenodo.4739069
2201.06044,http://doi.org/10.5281/zenodo.4400781
2201.06589,https://github.com/ise-uiuc/FreeFuzz
2201.06850,https://github.com/RosaliaTufano/code_review_automation
2201.06865,https://github.com/RosaliaTufano/rlgameauthors
2201.07280,https://github.com/dubslaff/FeatCause
2201.07521,https://github.com/dessertlab/thorfi
2201.08058,https://doi.org/10.5281/zenodo.5816890
2201.08246,https://github.com/bvobart/mllint
2201.08310,https://github.com/sola-st/MetaCodeSum
2201.08368,https://doi.org/10.5281/zenodo.5882881
2201.08698,https://github.com/soarsmu/attack-pretrain-models-of-code
2201.09953,https://doi.org/10.5281/zenodo.5601987
2201.10160,https://github.com/SNTSVV/DAMAT
2201.10866,https://github.com/microsoft/AR2
2201.12046,https://github.com/cedricrupb/TSSB3M
2201.12901,https://github.com/microsoft/DataScienceProblems
2202.00979,https://github.com/SOLAR-group/TAWOS
2202.01142,https://doi.org/10.5281/zenodo.5949075
2202.02180,https://github.com/yikun-li/satd-issue-tracker-data
2202.02326,https://github.com/nemo9cby/ICSE2022Rep
2202.02387,https://github.com/yikun-li/satd-different-sources-data
2202.02679,https://github.com/secureIT-project/FAVD
2202.02974,https://doi.org/10.5281/zenodo.5763753
2202.03013,https://github.com/MCUSec/microAFL
2202.03270,https://github.com/Biruk-Asmare/SANER22-Do-Developers-Refactor-Data-Access-Code
2202.03755,https://github.com/dessertlab/Shellcode_IA32
2202.04076,https://github.com/wkyml/K-ST
2202.04301,https://github.com/LogIntelligence/LogADEmpirical
2202.04586,https://doi.org/10.5281/zenodo.6026291
2202.05218,https://doi.org/10.5281/zenodo.5971799
2202.05329,https://github.com/KTH/spork
2202.05641,https://github.com/eduardenoiu/NALABS
2202.05751,https://github.com/NAIST-SE/GHSponsors
2202.06196,https://github.com/Tizpaz/Parfait-ML
2202.06271,https://github.com/se2p/whisker
2202.06274,https://github.com/se2p/whisker
2202.06474,https://github.com/mdrafiqulrabin/rm-dd-perses
2202.06689,https://github.com/saltudelft/codefill
2202.07008,https://github.com/JohannesBetz/AutonomousRacing_Literature
2202.07029,https://github.com/chains-project/ethereum-ssc
2202.07278,https://doi.org/10.5281/zenodo.6020475
2202.07519,https://doi.org/10.5281/zenodo.6036076
2202.07682,https://github.com/jweisz/iui22-code-translation
2202.07740,https://doi.org/10.5281/zenodo.6038550
2202.08761,https://doi.org/10.5281/zenodo.6115404
2202.08761,https://doi.org/10.5281/zenodo.4637636
2202.08975,https://github.com/serjtroshin/probings4code
2202.09016,https://doi.org/10.5281/zenodo.5635608
2202.09214,https://github.com/M3SOulu/next_event_prediction
2202.09947,https://github.com/Tzer-AnonBot/tzer
2202.11840,https://github.com/SMAT-Lab/Scalpel
2202.12884,https://github.com/BenedictWilkins/world-of-bugs-experiments
2202.13056,https://github.com/WSU-SEAL/ToxiCR
2202.13114,https://github.com/hub-se/BeDivFuzz
2202.13525,https://github.com/hzheng40/tunercar
2202.13953,https://github.com/githubnext/amalfi-artifact
2203.00101,https://doi.org/10.5281/zenodo.5907001
2203.00113,https://doi.org/10.5281/zenodo.6308873
2203.02700,https://github.com/DeepSoftwareAnalytics/RACE
2203.03544,https://github.com/aciborowska/jingo
2203.03850,https://github.com/microsoft/CodeBERT
2203.04026,https://github.com/DLFrameworkBug/DLFrameworkBugsData
2203.04374,https://github.com/empear-analytics/code-health-study-tech-debt-2022
2203.05181,https://github.com/davidhin/linevd
2203.06289,https://doi.org/10.5281/zenodo.5898296
2203.07722,https://github.com/celbree/ReACC
2203.08320,https://doi.org/10.5281/zenodo.6040657
2203.08877,https://doi.org/10.5281/zenodo.6025010
2203.08936,https://doi.org/10.5281/zenodo.5885013
2203.09095,https://github.com/microsoft/CodeBERT
2203.09903,https://github.com/PrivacyEngineering/janus-value-anonymizer
2203.09903,https://github.com/PrivacyEngineering/janus-graphql-anonym-directives
2203.09903,https://github.com/PrivacyEngineering/janus-period-tracking-app
2203.10324,https://doi.org/10.5281/zenodo.5591035
2203.10551,https://doi.org/10.5281/zenodo.5919444
2203.11423,https://gitlab.com/rt-bench/rt-bench
2203.11790,https://github.com/jingkai92/learning-program-representation
2203.12212,https://doi.org/10.5281/zenodo.6982529
2203.12472,https://doi.org/10.5281/zenodo.5866808
2203.12755,https://github.com/SophieHYe/SelfAPR
2203.13705,https://doi.org/10.5281/zenodo.5877313
2203.13737,https://doi.org/10.5281/zenodo.7554407
2203.13746,https://github.com/Hynn01/ml-smells
2203.14093,https://github.com/kiv-air/StackOverflowDataset
2203.14093,https://github.com/kiv-air/MQDD
2203.14285,https://github.com/Code-Rep/HELoC
2203.14484,https://doi.org/10.5281/zenodo.5712349
2203.15369,https://doi.org/10.5281/zenodo.6390355
2203.16331,https://github.com/tudelft-cda-lab/FlexFringe
2203.16718,https://doi.org/10.5281/zenodo.6383115
2203.17112,https://doi.org/10.5281/zenodo.5259648
2203.17166,https://github.com/MalihehIzadi/nlp4se_eval
2204.00107,https://doi.org/10.5281/zenodo.5886145
2204.00256,https://doi.org/10.5281/zenodo.6379164
2204.00480,https://github.com/SNTSVV/SEDE
2204.01028,https://doi.org/10.5281/zenodo.5886550
2204.01632,https://github.com/similarityMetrics/similarityMetrics
2204.02567,https://github.com/Antimony5292/FairNeuron
2204.02636,https://github.com/context-aware-Failure-Identification/CLog
2204.02766,https://github.com/GreenAIproject/ICT4S22
2204.02773,https://github.com/bajinsheng/ReZZan
2204.03293,https://github.com/DeepSoftwareAnalytics/CoCoSoDa
2204.03332,https://github.com/iitpvisionlab/heterogeneous-ai-system-simulator
2204.03366,https://doi.org/10.5281/zenodo.7090818
2204.03366,https://doi.org/10.5281/zenodo.6780414
2204.03676,https://github.com/czekster/cyberactive
2204.04008,https://doi.org/10.5281/zenodo.6395965
2204.06826,https://github.com/monperrus/replication-package-exhaustive-systematic-review-rickrolling
2204.07874,https://github.com/RI-SE/smirk
2204.08348,https://github.com/EMResearch/EvoMaster
2204.08734,https://github.com/library-testing/Muffin
2204.08880,http://doi.org/10.5281/zenodo.5018234
2204.09310,https://github.com/MeloFancy/SIRA
2204.09533,https://github.com/CMGeval/Evaluating-CMG
2204.10049,https://github.com/eth-sri/learning-real-bug-detector
2204.11075,https://github.com/Jinxhy/SmartAppAttack
2204.11276,https://doi.org/10.5281/zenodo.6399250
2204.11454,https://github.com/facebookresearch/mbr-exec
2204.11844,http://doi.org/10.5281/zenodo.5675593
2204.12916,https://github.com/ICPC2022-Gypsum/GypSum_Code
2205.00180,https://github.com/saltlab/Katana
2205.00212,https://github.com/nkarasovd/AggregationModel
2205.00221,https://github.com/bThink-BGU/Papers-2022-BP-PN
2205.00664,https://github.com/testingautomated-usi/simple-tip
2205.00664,https://github.com/testingautomated-usi/dnn-tip
2205.01254,https://github.com/hapsby/deepAPIRevisited
2205.01293,https://github.com/codingClaire/Structural-Code-Understanding
2205.01335,https://github.com/atrautsch/nlbse2022_replication_kit
2205.02208,https://doi.org/10.5281/zenodo.5569313
2205.02892,https://github.com/Ostrzyciel/ontology-quality-2022
2205.04657,https://github.com/hyperledger-labs/fabric-opssc
2205.04998,https://github.com/Tizpaz/TenForty
2205.05043,https://doi.org/10.5281/zenodo.6360830
2205.06439,https://github.com/CUHK-ARISE/AEON
2205.06533,https://doi.org/10.5281/zenodo.6393404
2205.06537,https://github.com/wunderalbert/prod-neural-materials
2205.08087,https://github.com/disa-lab/BlockchainEmpiricalEASE2022
2205.08589,https://github.com/havelhuang/HDA-Testing
2205.08809,https://github.com/ezekiel-soremekun/Software-Fairness-Analysis
2205.10004,https://github.com/shaido987/riskloc
2205.10956,https://github.com/2022CIRCLE/CIRCLE
2205.12713,https://github.com/vul337/jTrans
2205.13872,https://github.com/yikun-li/satd-in-industry
2205.14371,https://github.com/sr-lab/GLITCH
2205.14374,https://github.com/mdrafiqulrabin/CI-DD-Perses
2206.00699,https://doi.org/10.5281/zenodo.6461319
2206.01111,https://github.com/sola-st/MorphQ-Quantum-Qiskit-Testing-ICSE-23
2206.03237,https://github.com/fstiehle/SLR-blockchain-BP-execution
2206.03865,https://github.com/microsoft/CodeRanker
2206.04177,https://doi.org/10.5281/zenodo.6503143
2206.05239,https://github.com/reddy-lab-code-research/StructCoder
2206.05361,https://github.com/hpcclab/OaaS
2206.05600,https://doi.org/10.5281/zenodo.6272629
2206.05871,https://github.com/NetManAIOps/CIRCA
2206.05959,https://doi.org/10.5281/zenodo.6583690
2206.05961,https://doi.org/10.5281/zenodo.7304210
2206.06083,https://doi.org/10.5281/zenodo.6376009
2206.06251,https://github.com/plead-project/EbD-artefacts
2206.06550,https://github.com/RobustNLP/TestIC
2206.06668,https://github.com/maciej-bendkowski/generic-boltzmann-brain
2206.07245,https://github.com/wssun/EACS
2206.07813,https://github.com/amirhosseinzlf/STARLA
2206.08474,https://github.com/reddy-lab-code-research/XLCoST
2206.08768,https://github.com/pmorvalho/C-Pack-IPAs
2206.10218,https://doi.org/10.5281/zenodo.6672682
2206.10430,https://github.com/soarsmu/PRTiger
2206.11026,https://github.com/QuanjunZhang/OCP
2206.11719,https://doi.org/10.5281/zenodo.7032076
2206.11936,https://doi.org/10.5281/zenodo.6511347
2206.12275,https://github.com/WenJinfeng/Serverless_Survey
2206.12839,https://github.com/shrivastavadisha/repo_level_prompt_generation
2206.13429,https://github.com/isabellavieira/incivility_detection_oss_discussions
2206.13560,https://doi.org/10.5281/zenodo.7033016
2206.14051,https://doi.org/10.5281/zenodo.6719731
2206.14068,https://github.com/kaled-alshmrany/FuSeBMC
2206.14175,https://github.com/pmorvalho/InvAASTCluster
2206.14606,https://doi.org/10.5281/zenodo.6581453
2206.14669,https://github.com/Jl-wei/APIA2022-French-user-reviews-classification-dataset
2206.14977,https://github.com/hongliangliang/leofuzz
2206.15331,https://github.com/Copilot-Eval-Replication-Package/CopilotEvaluation
2207.00301,https://github.com/cedricrupb/nbfbaselines
2207.00623,https://doi.org/10.5281/zenodo.5554974
2207.00759,https://github.com/formes20/narv
2207.00921,https://github.com/rasheedja/PropaFP
2207.00921,https://github.com/rasheedja/LPPaver
2207.01047,https://doi.org/10.5281/zenodo.6757825
2207.01942,https://doi.org/10.5281/zenodo.6792317
2207.02848,https://github.com/SOM-Research/Dataset-Descriptor
2207.04237,https://doi.org/10.5281/zenodo.6592064
2207.04823,https://github.com/sh-t-20/artifacts
2207.05132,https://github.com/ExpertiseModel/EmbeddingVectors
2207.05531,https://github.com/ise-uiuc/DeepREL
2207.05987,https://github.com/shuyanzhou/docprompting
2207.06665,https://doi.org/10.5281/zenodo.6598541
2207.06811,https://github.com/Teiktos/bunk8s
2207.08484,https://github.com/apwbs/AttributeBasedEncryption
2207.09021,https://github.com/NetManAIOps/DejaVu
2207.09065,https://github.com/feldob/repro_autobva
2207.10942,https://github.com/wellido/Aries
2207.11016,https://github.com/ATheNA-SBST/ATheNA
2207.14160,https://github.com/Karim-53/Compare-xAI
2208.00269,https://doi.org/10.5281/zenodo.6423599
2208.00677,https://github.com/michelnass/Similo2
2208.01524,https://doi.org/10.5281/zenodo.6513366
2208.02811,https://github.com/bloa/magpie
2208.02815,https://doi.org/10.5281/zenodo.6958312
2208.03133,https://github.com/JetBrains-Research/codegen-metrics
2208.04125,https://github.com/Trustworthy-Software/Quatrain
2208.04211,https://doi.org/10.5281/zenodo.7515222
2208.04259,https://doi.org/10.5281/zenodo.6901285
2208.04261,https://doi.org/10.5281/zenodo.6875435
2208.05046,https://doi.org/10.5281/zenodo.6700515
2208.05446,https://github.com/EngineeringSoftware/CoditT5
2208.05969,https://github.com/JiePKU/MIA-SafeCompress
2208.06018,https://github.com/FlowSs/PMT
2208.06042,https://github.com/microsoft/CodeBERT
2208.06479,https://github.com/UVA-DSA/APS_TestBed
2208.07119,https://github.com/Xscope-Tool/Results
2208.07120,https://github.com/soarsmu/Compressor
2208.07501,https://doi.org/10.5281/zenodo.6757349
2208.08014,https://gitlab.com/ai-for-se-public-data/auger-fse-2022
2208.08918,https://github.com/Biruk-Asmare/data_acess_performance_antipatterns_in_data_intensive_systems_RR
2208.08982,https://github.com/poclecoqq/quality_issues_in_MLSSs
2208.09189,https://gitlab.com/dlr-dw/type-inference
2208.09505,https://doi.org/10.5281/zenodo.7702754
2208.11280,https://github.com/setu1421/Secret-Management-Practices-Grey-Literature-Review-Dataset
2208.11523,https://github.com/zfj1998/M3NSCT5
2208.12136,https://github.com/npaulinastevia/DRL_se
2208.12223,https://github.com/signavio/sap-sam
2208.12261,https://github.com/MEPalma/SyntheticEndUserTesting-Prototype
2208.12743,https://github.com/anonymous-authorxyz/fuzzing-rpc
2208.13071,https://github.com/OpenACCUserGroup/OpenACCV-V
2208.13116,https://github.com/Empirical-Study-on-AutoML/AutoML-paper
2208.13447,https://github.com/se2p/scratch-online-course
2208.13632,https://github.com/se2p/whisker
2208.13632,https://github.com/FeldiPat/ASE22-Neatest-Artifact
2208.13870,https://github.com/mark-gerarts/ou-afstuderen-artefact
2208.14942,https://github.com/microwalk-project/Microwalk
2209.01518,https://doi.org/10.5281/zenodo.6519830
2209.01734,https://github.com/huiAlex/TAROT
2209.02575,https://github.com/lkpsg/ccscanner
2209.02930,https://doi.org/10.5281/zenodo.7041931
2209.03198,https://github.com/AutoPurchase/name_compare
2209.03230,https://github.com/soarsmu/AutoPruner
2209.03441,https://github.com/FoRTE-Research/HeXcite
2209.04514,https://github.com/EngineeringSoftware/jattack
2209.04860,https://doi.org/10.5281/zenodo.7065888
2209.05994,https://doi.org/10.5281/zenodo.6818171
2209.06315,https://github.com/EngineeringSoftware/inlinetest
2209.06694,https://doi.org/10.5281/zenodo.7039858
2209.07048,https://github.com/AndroidAutoUpdate/AutoUpdate
2209.08443,https://github.com/lchen001/HAPI
2209.08719,https://doi.org/10.5281/zenodo.6535073
2209.08853,https://github.com/tum-i4/Automated-Identification-of-Security-Relevant-Configuration-Settings-Using-NLP
2209.08936,https://github.com/tum-i22/disa-windows-server-2016
2209.08936,https://github.com/tum-i22/disa-windows-server-2019
2209.08936,https://github.com/tum-i22/CIS-Benchmark-Evaluation
2209.08978,https://github.com/TransM2/MMF3
2209.10255,https://github.com/luckyPer/PTSG
2209.10412,https://github.com/teiresias-personal-data-discovery/teiresias-system
2209.10492,https://github.com/swarnaHub/SummarizationPrograms
2209.11032,https://github.com/deib-polimi/deepthought
2209.14227,https://gitlab.com/formalv/formalv
2209.14227,https://gitlab.com/formal-vindications/extraction-model
2209.14924,https://github.com/hrishikeshrt/chanda
2210.00139,https://doi.org/10.5281/zenodo.7608539
2210.03003,https://github.com/zemingd/Mixup4Code
2210.04258,https://github.com/SoftwareSecurityLab/UbSym
2210.04802,https://github.com/hajipour/SimSCOOD
2210.04942,https://github.com/Yuanyuan-Yuan/Decision-Oracle
2210.08097,https://github.com/guanqun-yang/testaug
2210.09460,https://github.com/matthewsot/ssi-live22
2210.11124,https://github.com/tehwalris/forest
2210.11228,https://doi.org/10.5281/zenodo.7229326
2210.11783,https://github.com/TUDA-SSL/DARWIN
2210.11843,https://github.com/pkuserc/MPCos_ASE2022
2210.12285,https://github.com/Alex-HaochenLi/RACS
2210.13291,https://github.com/NVIDIA/NVFlare
2210.14306,https://github.com/microsoft/coderec_programming_states
2211.00872,https://github.com/HadiJahanshahi/ADPTriage
2211.01144,https://github.com/clm07/UniASM
2211.03285,https://github.com/RICSecLab/SLOPTAFLpp
2211.04661,https://github.com/disa-lab/automl-challenge-so
2211.04673,https://github.com/awsm-research/pycoder
2211.06335,https://github.com/panthap2/developer-discussions-for-bug-fixing
2211.07842,https://github.com/gabeorlanski/bimodal-code-generation
2211.09374,https://github.com/Jun-jie-Huang/ExeDS
2211.09425,https://doi.org/10.5281/zenodo.7082429
2211.09568,https://github.com/cristianassaiante/incomplete-debuginfo
2211.10360,https://github.com/vardhah/epsilon_weighted_Hybrid_Query_Strategy
2211.11409,https://github.com/ChristianBirchler/sdc-scissor
2211.11595,https://github.com/ispras/oss-sydr-fuzz
2211.13525,https://github.com/jenetics/jenetics
2211.14417,https://github.com/KIT-IAI/EasyMLServe
2211.16490,https://github.com/facebookresearch/coder_reviewer_reranking
2212.00548,https://github.com/soarsmu/TOSEM-DBRD
2212.01635,https://github.com/yinghuali/AIApp
2212.03075,https://github.com/CISPA-SysSec/mua_fuzzer_bench
2212.04388,https://github.com/dVermin/dVermin
2212.04769,https://github.com/ChristianBirchler/sdc-scissor
2212.05537,https://github.com/ypyixiuxiu/TDMdatasets
2212.05901,https://github.com/ShamerD/source-code-efficient-ft
2212.06376,https://github.com/coinse/fonte
2212.08427,https://github.com/ASSERT-KTH/wasm_evasion
2212.09289,https://github.com/zhangjianzhang/PCTD
2212.09515,https://github.com/martingrambow/benchmarkStrategy
2212.09638,https://github.com/co-design-hybrid/co-design-hybrid
2212.10264,https://github.com/amazon-science/recode
2212.10376,https://github.com/eth-sri/mn-bab
2212.10376,https://github.com/Verified-Intelligence/alpha-beta-CROWN
2212.10481,https://github.com/zorazrw/odex
2212.11077,https://github.com/ASSERT-KTH/collector-sahab
2212.11140,https://github.com/shailja-thakur/VGen
2212.12110,https://github.com/Troublor/erebus-redgiant
2212.12168,https://doi.org/10.5281/zenodo.7054370
2212.13245,https://github.com/roozbehaghili/studying_aiops_github
2301.01701,https://github.com/AISE-TUDelft/Capybara-BinT5
2301.02410,https://github.com/codepod-io/codepod
2301.02412,https://github.com/tianzhaotju/CODA
2301.03270,https://github.com/iSEngLab/AwesomeLearningAPR
2301.03450,https://doi.org/10.5281/zenodo.6405969
2301.03543,https://github.com/Ahmedfir/mBERTa
2301.03944,https://github.com/soarsmu/Chronos
2301.03988,https://github.com/bigcode-project/bigcode-evaluation-harness
2301.04419,https://github.com/ashwinprasadme/headergen
2301.04862,https://doi.org/10.5281/zenodo.7495044
2301.05651,https://github.com/FlowSs/RLMutation
2301.07524,https://doi.org/10.5281/zenodo.7541480
2301.08114,https://github.com/adielashrov/Enhance-DL-with-SBM-Modelsward2023
2301.08941,https://github.com/P403n1x87/flamegraph-experiment
2301.09043,https://github.com/YihongDong/CodeGenEvaluation
2301.11568,https://github.com/dlfaults/dnn-auto-repair-empirical-assesment
2301.12348,https://doi.org/10.5281/zenodo.7932665
2301.12377,https://github.com/setu1421/ICSE-2023-Artifacts
2301.13415,https://github.com/salesforce/logai
2302.00042,https://doi.org/10.5281/zenodo.7587076
2302.00886,https://github.com/sidongfeng/CAPdroid
2302.01488,https://github.com/Intelligent-CAT-Lab/SEER
2302.01707,https://github.com/tdurieux/docker-parfum-experiment
2302.02112,https://github.com/nitzanfarhi/SecurityPatchDetection
2302.02261,https://github.com/ise-uiuc/neuri-artifact
2302.02343,https://github.com/michaelpradel/LExecutor
2302.02384,https://github.com/diffblue/cbmc
2302.02811,https://github.com/HaoZeke/anneal
2302.03287,https://github.com/sajedjalil/ChatGPT-Software-Testing-Study
2302.03416,https://github.com/JetBrains-Research/anti-copy-paster
2302.04026,https://doi.org/10.5281/zenodo.7318110
2302.04351,https://github.com/ise-uiuc/NablaFuzz
2302.04584,https://github.com/soumickmj/pytorch-complex
2302.05020,https://github.com/lin-tan/clm
2302.05319,https://github.com/eth-sri/sven
2302.05527,https://github.com/neulab/code-bert-score
2302.05564,https://doi.org/10.5281/zenodo.7135611
2302.05706,https://github.com/Jarviswang94/MTTM
2302.06144,https://github.com/LJ2lijia/SkCoder
2302.07055,https://github.com/ICSE-DOME/DOME
2302.07190,https://github.com/ShakthiYasas/context-query-simulator
2302.07435,https://github.com/logpai/loghub
2302.07435,https://github.com/LogIntelligence/LogPPT
2302.08370,https://github.com/castor-software/deptrim
2302.08468,https://github.com/niansong1996/lever
2302.08664,https://github.com/fzanart/Socialz
2302.09520,https://github.com/OpsPAI/iPACK
2302.10166,https://github.com/EngineeringSoftware/teco
2302.10812,https://github.com/kzh23/Replication-Package-ICSE-NIER-2023-Unsupervised-ML
2302.12163,https://github.com/nuprl/TypeWeaver
2302.12879,https://github.com/sslab-gatech/autofz
2302.13913,https://doi.org/10.5281/zenodo.7994698
2302.13913,https://doi.org/10.5281/zenodo.7994669
2302.14293,https://doi.org/10.5281/zenodo.7546043
2302.14600,https://github.com/shamimaaktar1/ChatGPT4SA
2303.00191,https://github.com/icaros-usc/pyribs
2303.00732,https://github.com/google-research/r_u_sure
2303.01302,https://github.com/uDEVOPS2020/Replication-package-Reasoning-Based-Software-Testing
2303.01576,https://github.com/momentum-lab-workspace/DeepSeer
2303.01998,https://github.com/mlte-team/mlte
2303.02429,https://github.com/urho3d/urho3d
2303.04030,https://github.com/WilliamLwj/PyXAB
2303.05901,https://github.com/tum-i4/Better-Safe-Than-Sorry
2303.06586,https://github.com/MultifacetedNLP/PPrior
2303.06729,https://github.com/setu1421/SecretBench
2303.06782,https://github.com/SageSELab/AidUI
2303.07079,https://github.com/yikun-li/satd-relations
2303.07826,https://github.com/zkcpku/HiT-hierarchy-transformer
2303.08254,http://github.com/twiniars/meros
2303.08697,https://github.com/mirror-data/mirror
2303.08733,https://doi.org/10.5281/zenodo.7604508
2303.08934,https://doi.org/10.5281/zenodo.7570357
2303.09236,https://github.com/kargaranamir/girt-data
2303.09552,https://github.com/apaleyes/dataflow-causal-graph
2303.09564,https://github.com/utopia-group/TypeT5
2303.09623,https://github.com/arash-mazidi/WASMIZER
2303.10517,https://github.com/smartbugs/smartbugs
2303.11102,https://github.com/chains-project/SBOM-2023
2303.12093,https://github.com/Ali-Stanford/ChatGPT_Programming_Numerical_Methods
2303.13418,https://doi.org/10.5281/zenodo.7575116
2303.14253,https://github.com/icse2023preich/testability-refactoring-patterns
2303.14438,https://github.com/ASSERT-KTH/N-ETH
2303.14438,http://github.com/ASSERT-KTH/N-ETH
2303.14620,https://github.com/WHU-AISE/PBScaler
2303.16244,https://doi.org/10.5281/zenodo.7749795
2303.16530,https://github.com/hub-se/PAP
2303.16530,https://github.com/HUB-SE/PAP
2303.16749,https://github.com/nyu-mll/ILF-for-code-generation
2303.17568,https://github.com/THUDM/CodeGeeX
2303.18184,https://github.com/huangkNIPC/APR-Survey
2304.00245,https://github.com/qibinhang/SeaM
2304.00394,https://doi.org/10.5281/zenodo.7552551
2304.01062,https://github.com/IndikaKuma/DataMesh
2304.01874,https://github.com/uiuc-focal-lab/IVAN
2304.02877,https://doi.org/10.5281/zenodo.6869246
2304.05327,https://github.com/Christof93/SciKGTeX
2304.05520,https://doi.org/10.5281/zenodo.7589416
2304.05688,https://doi.org/10.5281/zenodo.7566677
2304.06539,https://github.com/michaeldorner/tax_se
2304.08426,https://doi.org/10.5281/zenodo.7747317
2304.08699,https://doi.org/10.5281/zenodo.7768876
2304.10409,https://github.com/MDEGroup/BiasInRSSE
2304.10423,https://doi.org/10.5281/zenodo.7837282
2304.10983,https://doi.org/10.5281/zenodo.6414660
2304.11384,https://github.com/gmy2013/LLM_Comment_Generation
2304.11624,http://github.com/gsalzer/cgt
2304.11987,https://github.com/apaleyes/causality-fbp
2304.12562,https://github.com/zhangjianzhang/ChatGPT4REIR_eval
2304.12769,https://github.com/tuhh-softsec/code2DFD
2304.13840,https://github.com/99EnriqueD/verilog_autocompletion
2304.14082,https://github.com/google-research/jaxpruner
2304.14317,https://github.com/terryyz/llm-code-eval
2304.14570,https://github.com/sailuh/kaiaulu
2304.14721,https://github.com/YuchenXia/GPT4IndustrialAutomation
2305.01210,https://github.com/evalplus/evalplus
2305.01863,https://github.com/GPTutor/gptutor-extension
2305.02601,https://github.com/dsfuzz/mallory
2305.02626,https://github.com/LLM-Ethics/EthicsSuite
2305.02886,https://github.com/plasma-umass/slipcover
2305.03331,https://github.com/NetManAIOps/PSqueeze
2305.03428,https://github.com/Alireza-Ardalani/SBSRE
2305.03955,https://github.com/ExpressAPR/ExpressAPR
2305.04026,https://github.com/Siyuan-Li201/LibAM
2305.04228,https://github.com/qiankunmu/HDHGN
2305.04581,https://github.com/mojtaba-eshghie/SmartContractDesignPatternsInDCRGraphs
2305.04940,https://doi.org/10.5281/zenodo.7608802
2305.05383,https://github.com/microsoft/CodeBERT
2305.06156,https://github.com/FSoft-AI4Code/TheVault
2305.06439,https://doi.org/10.5281/zenodo.7921650
2305.08254,https://github.com/mojtaba-eshghie/CLawK
2305.08286,https://github.com/apcl-research/jam
2305.08456,https://github.com/InPlusLab/DAppSCAN
2305.08819,https://github.com/GilgameshXYZ123/Dragon-Alpha
2305.10314,https://github.com/xingyaoww/LeTI
2305.10339,https://github.com/kristiinara/VulnerabilityPropagationAnalysis
2305.11202,https://github.com/BigdogManLuo/ChatGPT-for-Power-System-Programming-Tasks
2305.12751,https://github.com/matteobiagiola/drl-testing-experiments
2305.13486,https://github.com/pytest-dev/pytest-inline
2305.13592,https://github.com/rabbitjy/FuzzTuning
2305.13884,https://github.com/soarsmu/midas
2305.14591,https://github.com/zkx06111/ALGO
2305.15314,https://github.com/PERC-Lab/Fine_Grained_Localization
2305.15675,https://doi.org/10.5281/zenodo.5643627
2305.15829,https://github.com/NFTDefects/nftdefects
2305.16405,https://github.com/S2-group/icra-ws-robotics-rosbag
2305.16591,https://doi.org/10.5281/zenodo.7536500
2305.16596,https://github.com/S3L-official/FISCHER
2305.16615,https://github.com/awsm-research/AIBugHunter
2305.17047,https://github.com/Tbabm/TEval-plus
2305.17145,https://github.com/GammaTauAI/opentau
2305.17506,https://github.com/wssun/BADCODE
2305.17708,https://github.com/KDEGroup/RefBERT
2305.17914,https://github.com/shijy16/ACETest
2305.18061,https://doi.org/10.5281/zenodo.7981673
2305.18607,https://github.com/lin-tan/llm-vul
2305.18985,https://github.com/zcyyc/AnoFusion
2305.19915,https://github.com/terryyz/DataAug4Code
2306.00029,https://github.com/salesforce/CodeTF
2306.00108,https://doi.org/10.5281/zenodo.7968641
2306.00355,https://github.com/sqlancer/sqlancer
2306.00694,https://github.com/stg-tud/ungoml
2306.01394,https://github.com/JohnnyPeng18/TypeFix
2306.01590,https://github.com/LogIntelligence/log-analytics-chatgpt
2306.02228,https://github.com/RobustNLP/TestIC
2306.02496,https://github.com/PrivacyEngineering/hawk-sockshop
2306.02496,https://github.com/PrivacyEngineering/hawk-service
2306.02496,https://github.com/PrivacyEngineering/hawk-release
2306.02496,https://github.com/PrivacyEngineering/hawk-monitor
2306.02496,https://github.com/PrivacyEngineering/hawk-benchmark
2306.02496,https://github.com/PrivacyEngineering/hawk
2306.03234,https://github.com/ARiSE-Lab/CONCORD_ISSTA_23
2306.04529,https://github.com/r-three/git-theta
2306.04892,https://doi.org/10.5281/zenodo.7968845
2306.04930,https://github.com/microsoft/coderec_programming_states
2306.05057,https://github.com/smartbugs/smartbugs
2306.06208,https://github.com/luludak/DeltaNN
2306.06347,https://github.com/FSoft-AI4Code/DocChecker
2306.06651,https://github.com/ideas-labo/DaL
2306.07400,https://github.com/tsigalko18/webembed-replication-package
2306.08741,https://doi.org/10.5281/zenodo.7570291
2306.08741,https://doi.org/10.5281/zenodo.6525941
2306.08869,https://github.com/szmousavi/SLR-of-Security-API-Misuse-Detection
2306.09376,https://github.com/qibinhang/MwT
2306.10763,https://github.com/microsoft/monitors4codegen
2306.11391,https://doi.org/10.5281/zenodo.7989955
2306.11417,https://github.com/salesforce/PyRCA
2306.11882,https://github.com/sulir/iostudy
2306.11953,https://github.com/microsoft/global-resource-leaks-codeql
2306.12105,https://github.com/tsb0601/MultiMon
2306.14893,https://github.com/microsoft/CodeBERT
2306.14898,https://github.com/princeton-nlp/intercode
2306.15007,https://github.com/poclecoqq/quality_issues_in_MLSSs
2307.00267,https://github.com/RedSmallPanda/SSQR
2307.00527,https://github.com/ZhongLIFR/Logs2Graph
2307.00593,https://github.com/haoxintu/LLM4CBI
2307.00714,https://github.com/setu1421/FPSecretBench
2307.00827,https://github.com/hsu-aut/CSS-AAS-OWL
2307.03279,https://github.com/christianbirchler-org/sdc-scissor
2307.03386,https://github.com/WSU-SEAL/ToxiSpanSE
2307.03852,https://github.com/WSU-SEAL/CR-classification-ESEM23
2307.04599,https://github.com/sraedler/Model-Driven-Engineering4Artificial-Intelligence
2307.04693,https://github.com/IBM/tree-sitter-codeviews
2307.05106,https://doi.org/10.5281/zenodo.8131947
2307.05603,https://github.com/FatemehAB/POLIS
2307.05961,https://github.com/harvey-lau/fgo
2307.07686,https://github.com/bin123apple/Fortran-CPP-HPC-code-translation-dataset
2307.07924,https://github.com/OpenBMB/ChatDev
2307.07965,https://github.com/Sissel-Wu/Bee
2307.09163,https://github.com/JohnnyPeng18/TypeGen
2307.10266,https://github.com/dynaroars/neuralsat
2307.11387,https://doi.org/10.5281/zenodo.7888440
2307.11853,https://github.com/SunLab-GMU/PySecDB
2307.12328,https://github.com/huhanGitHub/iOS-App-database
2307.13014,https://github.com/pmorvalho/ecai23-GNNs-for-mapping-variables-between-programs
2307.13383,https://github.com/microsoft/coverage-eval
2307.14308,https://github.com/JuanGiraldo0212/QPLEX
2307.14314,https://github.com/OrtegaSA/SQUWALS-repo
2307.14512,https://github.com/ML-Bugs-2022/Replication-Package
2307.14733,https://doi.org/10.5281/zenodo.7816758
2307.16821,https://doi.org/10.5281/zenodo.8273295
2308.00121,https://github.com/ipa-lab/hackingBuddyGPT
2308.00709,https://github.com/I-NERGY/DeepTSF
2308.01645,https://doi.org/10.5281/zenodo.8119377
2308.01923,https://github.com/chenzhenpeng18/ICSE24-Multi-Attribute-Fairness
2308.02273,https://doi.org/10.5281/zenodo.7923836
2308.03241,https://github.com/make4all/notebooka11y
2308.03330,https://github.com/REDNet-verifier/IDNN
2308.03791,https://github.com/apwbs/MARTSIA
2308.04736,https://github.com/mvasiliniuc/iva-codeint-mobile
2308.05362,https://github.com/E0HYL/FINER-explain
2308.07053,https://github.com/ika-rwth-aachen/robotkube
2308.07085,https://github.com/logpai/hybridlog
2308.07429,https://github.com/apcl-research/funcom-useloss
2308.07638,https://github.com/OpsPAI/Prism
2308.07655,https://github.com/JetBrains-Research/commit_message_generation
2308.07930,https://doi.org/10.5281/zenodo.7997524
2308.08736,https://github.com/mooselab/suppmaterial-LogRepForAnomalyDetection
2308.08961,https://github.com/PolyEval/G-TransEval
2308.09003,https://github.com/spetrescu/logchimera
2308.09193,https://github.com/av9ash/DuplicateBugDetection
2308.09324,https://github.com/logpai/AutoLog
2308.09969,https://github.com/tianzhaotju/CodeDenoise
2308.10564,https://github.com/taidnguyen/software_entity_recognition
2308.10828,https://github.com/logpai/LogPub
2308.11258,https://doi.org/10.5281/zenodo.8200352
2308.11284,https://github.com/lumos-xiao/LEAP
2308.11387,https://github.com/SOLAR-group/GIDroid
2308.12438,https://github.com/DRLDeploymentChallenges-ICSME2023/ReplicationPackage
2308.12659,https://github.com/Learner0x5a/kTrans-release
2308.12773,https://github.com/duyali2000/SemanticFlowGraph
2308.12788,https://github.com/zhongxingyu/Solidity-Event-Study
2308.13276,https://github.com/KKZ20/DECIDE
2308.13319,https://github.com/coco-2023/COCO
2308.13707,https://github.com/liu906/HITL-Online-Just-in-Time-Defect-Prediction
2308.13754,https://github.com/lairikeqiA/ZC3
2308.14273,https://github.com/salab/refsearch
2308.14663,https://github.com/JulianePa/auv_profeat
2308.14687,https://github.com/squaresLab/melt
2308.14731,https://github.com/apcl-research/Jam-CGPT
2308.15637,https://github.com/akashdhruv/Jobrunner
2308.15645,https://github.com/katsumiok/ts-askit
2308.15645,https://github.com/katsumiok/pyaskit
2308.15669,https://github.com/WM-SEMERU/ACER
2308.16557,https://github.com/ExpertiseModel/MuTAP
2308.16729,https://github.com/S2-group/Lacuna
2308.16824,https://github.com/NL2Code/CodeM
2309.00608,https://github.com/ise-uiuc/Repilot
2309.02389,https://doi.org/10.5281/zenodo.7600371
2309.02465,https://github.com/idealab-isu/LLM4G-Code
2309.03044,https://github.com/EhsanMashhadi/ISSRE2023-BugSeverityPrediction
2309.03246,https://github.com/Simula-COMPLEX/EvoCLINICAL
2309.03411,https://doi.org/10.5281/zenodo.8286485
2309.03617,https://github.com/emanino/plain_c_nn_benchmark
2309.03685,https://github.com/nicolas-hbt/pygraft
2309.03914,https://doi.org/10.5281/zenodo.8304091
2309.05067,https://github.com/ali-ghanbari/deepmufl-ase-2023
2309.05542,https://github.com/zhudotexe/kani
2309.06551,https://github.com/dspinellis/ai-cli
2309.06771,https://github.com/myxxxsquared/OrdinalFix
2309.07230,https://github.com/sarthak-chakraborty/ESRO
2309.07544,https://github.com/NVlabs/verilog-eval
2309.08115,https://github.com/ASE-REEF/REEF-script
2309.08115,https://github.com/ASE-REEF/REEF-data
2309.08211,https://github.com/kwz219/P-EPR-Artefact
2309.09479,https://github.com/IntelligentDDS/LogShrink
2309.10205,https://github.com/elieziosoares/ci_quality_study_replication
2309.10498,https://github.com/understanding-search/maze-dataset
2309.11021,https://github.com/lxyeternal/pypi_malregistry
2309.12120,https://github.com/Sustainable-Open-Science-and-Software/sustainable-communities-tracker
2309.12732,https://github.com/lmous/openai-gpt4-coding-assistant
2309.13272,https://github.com/ifak-prototypes/nlp_reform
2309.14164,https://doi.org/10.5281/zenodo.7946764
2309.14465,https://github.com/se2p/nuzzlebug
2309.14846,https://github.com/ASSERT-KTH/Supersonic
2309.15017,https://doi.org/10.5281/zenodo.8313155
2309.15742,https://github.com/h4iku/T5APR
2309.16201,https://doi.org/10.5281/zenodo.8167588
2309.16618,https://github.com/boschresearch/neuzzplusplus
2309.16618,https://github.com/boschresearch/mlfuzz
2310.01602,https://doi.org/10.5281/zenodo.7901830
2310.01726,https://github.com/squaresLab/LLMAO
2310.01893,https://github.com/CMU-SAFARI/SimplePIM
2310.02800,https://github.com/yichao-yuan-99/Everest
2310.03046,https://github.com/JieyuZ2/EcoAssistant
2310.03128,https://github.com/HowieHwong/MetaTool
2310.04238,https://github.com/AutoQML/Whitepaper-Framework-Selection
2310.04701,https://github.com/alipay/microservice_system_twin_graph_based_anomaly_detection
2310.04755,https://github.com/huhanGitHub/papt
2310.05493,https://github.com/ChenKen9869/DCA-IOT-system
2310.06433,https://github.com/CUHK-Shenzhen-SE/RetromorphicTesting
2310.07414,https://github.com/jonayerdi/marmot
2310.07847,https://doi.org/10.5281/zenodo.8432714
2310.08069,https://github.com/Alex-HaochenLi/Soft-InfoNCE
2310.08507,https://github.com/vnrst/Yuga
2310.09634,https://github.com/kaanakdeniz/reproducibility_assessment
2310.12305,https://github.com/Bucket-Protocol/raffle-paper
2310.12702,https://github.com/dynatrace-research/function-hook-latency-benchmarking
2310.13229,https://github.com/coinse/GHRB
2310.13362,https://github.com/wujunjie1998/BTPGBT
2310.14053,https://github.com/marcusm117/IdentityChain
2310.14843,https://github.com/mauricioms/results-generated-with-chatgpt
2310.17807,https://github.com/ChuyueSun/Clover
2310.17903,https://github.com/yueyueL/ReliableLM4Code
2310.19813,https://doi.org/10.5281/zenodo.8304433
2310.20042,https://github.com/paperMaterial4/icse2024comprehending
2310.20160,https://doi.org/10.5281/zenodo.8237328
2310.20329,https://github.com/qishenghu/CodeInstruct
2311.00801,https://github.com/FlowSs/GIST
2311.02489,https://doi.org/10.5281/zenodo.7312098
2311.04562,https://github.com/dmrimawi/CAIS-DMA
2311.04643,https://github.com/anonymous2f4a9d/SARIF_FSE23
2311.04648,https://github.com/projectchrono/DEM-Engine
2311.07107,https://github.com/wssun/SourceCodeSearch
2311.07989,https://github.com/codefuse-ai/Awesome-Code-LLM
2311.08588,https://github.com/WeixiangYAN/CodeScope
2311.11809,https://github.com/EvoTestOps/LogLead
1705.03618,https://github.com/eskang/MappingSynthesisTool
1710.06711,https://github.com/ComFlux/ComFlux-Middleware
1808.09630,https://github.com/klaeufer/issue10709-scala
1805.03454,https://github.com/jkoppel/QuixBugs
1810.08532,https://github.com/Spirals-Team/coming
2105.03595,https://github.com/JohnnyPeng18/HiTyper
2103.08261,https://github.com/se2p/scratch-anomalies
2106.10507,https://github.com/GLIB-game/GLIB
1908.08375,https://github.com/softvis-research/Getaviz
1907.09282,https://github.com/zhongxingyu/Seer
1902.02595,https://github.com/SAP/vulnerability-assessment-kb
1905.05358,https://github.com/ai-se/SatSpaceExpo
1910.00262,https://github.com/helges/tetraband
2204.11505,https://github.com/bineet-coderep/MoULDyS
2206.07796,https://github.com/mahimanzum/FixEval
2211.11711,https://github.com/OPTML-Group/CLAW-SAT
2203.08877,https://github.com/lucasvegi/Elixir-Code-Smells
2208.01991,https://github.com/M3SOulu/MaskedEventAnomalyDetection
2204.12781,https://github.com/mlatcl/fbp-vs-soa
2201.00270,https://github.com/OpenAPITools/openapi-generator
2306.01665,https://github.com/Lpover/SourceP
2311.08592,https://github.com/google-research-datasets/aart-ai-safety-dataset
2308.10613,https://github.com/JasperSurmont/cosmos-sdk-codeql
2310.09810,https://github.com/awsm-research/ChatGPT4Vul
2305.04764,https://github.com/ZJU-ACES-ISE/ChatUniTest
2306.06347,https://github.com/FSoft-AI4Code/CodeSync-Tool
2304.11624,https://github.com/gsalzer/cgt
2306.17135,https://github.com/fuzzland/ityfuzz
2302.06914,https://github.com/ColinIanKing/stress-ng
2311.02640,https://github.com/DSAatUSU/ChatGPT-promises-and-pitfalls
2305.08254,https://github.com/mojtaba-eshghie/SolidityDesignPatternsDCRGraph
2310.03174,https://github.com/mosabrezaei/Test-Case-Recommendation
2311.09868,https://github.com/NEUIR/INTERVENOR
1507.00567,https://github.com/pooyanjamshidi/ElasticBench
1511.01223,https://github.com/wnr/element-resize-detector
1505.07002,https://github.com/Spirals-Team/defects4j-repair
1303.5234,https://github.com/CeON/chrum
2008.07185,https://github.com/KTH/slumps
2005.10063,https://github.com/SOM-Research/OSSFoundations
2008.11856,https://github.com/sea-lab/hybrid-net
2010.01924,https://github.com/khaes-kth/simple-nngen
2002.10213,https://github.com/KTH/slumps
2007.04771,https://github.com/smartbugs/smartbugs
2012.10662,https://github.com/mdrafiqulrabin/kconfig
2004.14191,https://github.com/abenkhadra/bcov
2004.04881,https://github.com/Attn-to-FC/Attn-to-FC
